symbol,setup,stop_tf,entry_ts,direction,session_utc,entry,sl,tp,stop_pct,target_pct,planned_rr,gross_r,base_cost_r,stress_cost_r,base_net_r,stress_net_r,mfe_r,mae_r,bars_to_exit,exit_kind,trend_strength,consolidation_state,shock_alignment,compression_state,pre_range_atr_16,adx_14,plus_di_14,minus_di_14,dmi_alignment,vwap_alignment,ema_alignment,vwap_trend_overridden,vwap_price,ema21_price,ema21_slope,exchange,net_r,hit_stop,exit_reason,target_model,management_model,entry_model,stop,target,exit_ts,pnl_pct,risk_per_trade_pct,open_trades_before
DOGEUSDT,context_change,15,2026-01-20 04:00:00+00:00,short,asia,0.12782,0.1294,0.12465999999999999,1.236113284306054,2.472226568612108,2.0,2.0,0.048539240506329163,0.16179746835443054,1.9514607594936708,1.8382025316455695,2.2278481012658227,-0.30379746835443594,44,target,trend,directional,no_shock,normal,3.6395147313691583,28.265980048652217,16.81109185441972,33.79549393414243,aligned,aligned,flat,False,0.12849696925580376,0.12854532819007788,-0.0003391921133244491,binance,1.8382025316455695,False,target,fixed_2r,hold_to_target_stop_or_expiry,context_change,0.1294,0.12465999999999999,2026-01-20 15:00:00+00:00,0.004595506329113924,0.0025,0
BTCUSDT,context_change,15,2026-01-21 01:45:00+00:00,short,asia,89020.91,89645.56,87771.61000000002,0.7016890750723557,1.4033781501447113,2.0,-1.0,0.08550795805651244,0.2850265268550415,-1.0855079580565123,-1.2850265268550416,0.03347474585768621,-1.4636676538861881,15,stop,strong_trend,directional,no_shock,normal,4.473967133105983,56.409193735788946,15.812055578184285,36.65095227048953,aligned,opposed,opposed,False,88793.33226959285,89032.08634449591,1.7465859217772959,binance,-1.2850265268550416,True,stop,fixed_2r,hold_to_target_stop_or_expiry,context_change,89645.56,87771.61000000002,2026-01-21 05:30:00+00:00,-0.003212566317137604,0.0025,0
SOLUSDT,context_change,15,2026-01-25 03:30:00+00:00,short,asia,126.56,127.44,124.80000000000001,0.6953223767383023,1.3906447534766047,2.0,2.0,0.08629090909090953,0.28763636363636513,1.9137090909090904,1.712363636363635,4.568181818181837,-0.625,50,target,weak_or_range,range,no_shock,normal,3.588447653429558,15.968978709380533,16.60649819494505,29.602888086642245,aligned,aligned,aligned,False,127.1796581593199,127.13694679745787,-0.12727478931601865,binance,1.712363636363635,False,target,fixed_2r,hold_to_target_stop_or_expiry,context_change,127.44,124.80000000000001,2026-01-25 16:00:00+00:00,0.004280909090909088,0.0025,0
ETHUSDT,context_change,15,2026-02-02 00:45:00+00:00,short,asia,2293.2,2334.9,2209.7999999999993,1.8184196755625448,3.6368393511250896,2.0,2.0,0.03299568345323719,0.10998561151079063,1.9670043165467628,1.8900143884892093,3.0019184652277944,-0.6105515587529945,10,target,trend,directional,no_shock,normal,3.0976972072513447,27.665503631612577,19.268985791278872,26.93777560019599,aligned,flat,aligned,False,2296.3081958370644,2304.9984110578325,-4.834697934917131,binance,1.8900143884892093,False,target,fixed_2r,hold_to_target_stop_or_expiry,context_change,2334.9,2209.7999999999993,2026-02-02 03:15:00+00:00,0.004725035971223024,0.0025,0
BTCUSDT,context_change,15,2026-02-02 03:00:00+00:00,short,asia,75890.1,77740.91,72188.48000000001,2.438802953217874,4.877605906435748,2.0,-1.0,0.024602233616632746,0.08200744538877583,-1.0246022336166327,-1.0820074453887758,0.6948849422685243,-1.040031121508959,27,stop,weak_or_range,range,no_shock,normal,3.780676299640687,15.420774048498973,15.967059837667742,23.260602388044514,aligned,aligned,aligned,False,77196.89566663631,77129.86342932875,-279.5894442394929,binance,-1.0820074453887758,True,stop,fixed_2r,hold_to_target_stop_or_expiry,context_change,77740.91,72188.48000000001,2026-02-02 09:45:00+00:00,-0.0027050186134719395,0.0025,1
XRPUSDT,context_change,15,2026-02-02 03:00:00+00:00,short,asia,1.5639,1.6097,1.4723000000000004,2.9285759959076563,5.8571519918153125,2.0,-1.0,0.02048777292576426,0.06829257641921421,-1.0204877729257642,-1.0682925764192142,0.7510917030567709,-1.0240174672489106,26,stop,transition,transition,no_shock,normal,3.7247191011235934,19.897846085652372,14.807383627608353,20.345104333868502,aligned,aligned,aligned,False,1.5965068590225548,1.5957314070900257,-0.004941882342531789,binance,-1.0682925764192142,True,stop,fixed_2r,hold_to_target_stop_or_expiry,context_change,1.6097,1.4723000000000004,2026-02-02 09:30:00+00:00,-0.0026707314410480353,0.0025,2
SOLUSDT,context_change,15,2026-02-05 05:15:00+00:00,short,asia,90.43,91.82,87.65000000000003,1.5371005197390093,3.0742010394780186,2.0,-1.0,0.0390345323741011,0.13011510791367037,-1.039034532374101,-1.1301151079136704,0.17266187050360535,-1.129496402877704,1,stop,transition,range_to_trend_transition,no_shock,normal,2.784770784770786,24.30990130805003,10.955710955710925,23.69852369852367,aligned,aligned,aligned,False,91.38117647058823,91.42088979896486,-0.14681713116607398,binance,-1.1301151079136704,True,stop,fixed_2r,hold_to_target_stop_or_expiry,context_change,91.82,87.65000000000003,2026-02-05 05:30:00+00:00,-0.002825287769784176,0.0025,0
BNBUSDT,context_change,15,2026-02-08 04:00:00+00:00,short,asia,641.67,648.66,627.6899999999999,1.0893449904156356,2.178689980831271,2.0,-1.0,0.05507896995708147,0.1835965665236049,-1.0550789699570815,-1.183596566523605,0.36623748211730217,-1.3118741058655308,18,stop,transition,transition,no_shock,normal,3.654166666666644,19.90418913922685,13.869047619047468,21.96428571428595,aligned,aligned,aligned,False,647.2790813854525,646.8801426411155,-1.4979941838275863,binance,-1.183596566523605,True,stop,fixed_2r,hold_to_target_stop_or_expiry,context_change,648.66,627.6899999999999,2026-02-08 08:30:00+00:00,-0.0029589914163090127,0.0025,0
DOGEUSDT,context_change,15,2026-02-09 05:00:00+00:00,short,asia,0.0958,0.098,0.09139999999999998,2.2964509394572103,4.592901878914421,2.0,0.0,0.026127272727272634,0.08709090909090879,-0.026127272727272634,-0.08709090909090879,1.4818181818181764,-0.5454545454545466,96,expiry,weak_or_range,range,no_shock,normal,2.9465301478953503,10.178540794163185,23.435722411831915,30.48919226393623,aligned,aligned,flat,False,0.09646517684276974,0.09664858749181872,-0.00014951214963025705,binance,-0.08709090909090879,False,expiry,fixed_2r,hold_to_target_stop_or_expiry,context_change,0.098,0.09139999999999998,2026-02-10 05:00:00+00:00,-0.00021772727272727197,0.0025,0
ETHUSDT,context_change,15,2026-02-10 06:00:00+00:00,short,asia,2051.55,2074.35,2005.9500000000007,1.1113548292754125,2.222709658550825,2.0,2.0,0.053988157894737494,0.17996052631579165,1.9460118421052626,1.8200394736842083,2.3666666666667067,-0.1074561403508705,3,target,strong_trend,directional,no_shock,expanded,6.176255866504444,46.373034665418345,4.664233153716745,46.24833420244535,aligned,aligned,aligned,False,2078.3475956361517,2077.5643612206763,-11.947445668835371,binance,1.8200394736842083,False,target,fixed_2r,hold_to_target_stop_or_expiry,context_change,2074.35,2005.9500000000007,2026-02-10 06:45:00+00:00,0.0045500986842105205,0.0025,0
BNBUSDT,context_change,15,2026-02-10 06:45:00+00:00,short,asia,629.77,639.51,610.29,1.5465963764548978,3.0931927529097956,2.0,2.0,0.03879486652977409,0.12931622176591362,1.9612051334702258,1.8706837782340864,2.0082135523613887,-0.5759753593429167,87,target,transition,transition,no_shock,normal,3.8262370540851816,23.853552505849272,19.217491369390093,27.502876869965508,aligned,aligned,aligned,False,635.574140717648,635.8943835437241,-1.0794653972791366,binance,1.8706837782340864,False,target,fixed_2r,hold_to_target_stop_or_expiry,context_change,639.51,610.29,2026-02-11 04:30:00+00:00,0.004676709445585216,0.0025,0
DOGEUSDT,context_change,15,2026-02-11 04:30:00+00:00,short,asia,0.0918,0.09291,0.08958,1.2091503267973853,2.4183006535947706,2.0,2.0,0.04962162162162163,0.16540540540540544,1.9503783783783784,1.8345945945945945,2.0720720720720815,-0.4414414414414329,24,target,weak_or_range,range,no_shock,normal,3.6981132075471663,16.162195122977863,23.39622641509444,34.33962264150922,aligned,aligned,flat,False,0.09296216857723072,0.09281599244877951,-0.00017177354990441374,binance,1.8345945945945945,False,target,fixed_2r,hold_to_target_stop_or_expiry,context_change,0.09291,0.08958,2026-02-11 10:30:00+00:00,0.004586486486486486,0.0025,0
ETHUSDT,context_change,15,2026-02-11 06:00:00+00:00,short,asia,1953.25,1981.4,1896.9499999999998,1.4411877639831099,2.8823755279662198,2.0,-1.0,0.04163232682060377,0.1387744227353459,-1.0416323268206038,-1.138774422735346,0.7541740674955577,-2.222380106571927,32,stop,strong_trend,directional,no_shock,expanded,5.693712804195374,56.66230148566355,3.959695951917982,44.11054151199086,aligned,aligned,aligned,False,1992.1424672986986,1993.0543061985966,-13.633116977305917,binance,-1.138774422735346,True,stop,fixed_2r,hold_to_target_stop_or_expiry,context_change,1981.4,1896.9499999999998,2026-02-11 14:00:00+00:00,-0.002846936056838365,0.0025,1
BNBUSDT,context_change,15,2026-02-13 05:30:00+00:00,short,asia,602.15,612.0,582.4499999999999,1.6358050319687825,3.271610063937565,2.0,-1.0,0.03667918781725879,0.12226395939086265,-1.0366791878172588,-1.1222639593908625,0.9807106598984716,-1.052791878172587,39,stop,trend,directional,no_shock,expanded,6.194339622641497,31.712853274577906,7.672955974842539,47.610062893081455,aligned,aligned,aligned,False,610.3149194007455,607.9263345819303,-2.4407610256145063,binance,-1.1222639593908625,True,stop,fixed_2r,hold_to_target_stop_or_expiry,context_change,612.0,582.4499999999999,2026-02-13 15:15:00+00:00,-0.0028056598984771562,0.0025,0
XRPUSDT,context_change,15,2026-02-15 04:00:00+00:00,long,asia,1.5373,1.5154,1.5811000000000002,1.4245755545436822,2.8491511090873645,2.0,2.0,0.04211780821917802,0.14039269406392677,1.957882191780822,1.8596073059360732,2.0502283105022774,-0.16438356164383755,6,target,strong_trend,directional,no_shock,normal,2.669314796425027,58.259564259200054,19.960278053624766,17.676266137040553,aligned,aligned,aligned,False,1.5226163577709646,1.5188074706107375,0.003880944117438112,binance,1.8596073059360732,False,target,fixed_2r,hold_to_target_stop_or_expiry,context_change,1.5154,1.5811000000000002,2026-02-15 05:30:00+00:00,0.004649018264840183,0.0025,0
BNBUSDT,context_change,15,2026-02-24 05:00:00+00:00,short,asia,593.91,601.51,578.7099999999999,1.2796551666077391,2.5593103332154783,2.0,2.0,0.04688763157894722,0.1562921052631574,1.9531123684210527,1.8437078947368426,2.044736842105252,-0.0,37,target,strong_trend,directional,no_shock,normal,4.693702770780899,41.574035522384165,8.28715365239318,26.876574307305095,aligned,aligned,aligned,False,596.1164703782495,595.1628216930627,-1.8895821718318757,binance,1.8437078947368426,False,target,fixed_2r,hold_to_target_stop_or_expiry,context_change,601.51,578.7099999999999,2026-02-24 14:15:00+00:00,0.0046092697368421065,0.0025,0
BNBUSDT,context_change,15,2026-02-25 00:00:00+00:00,short,asia,582.99,586.74,575.49,0.6432357330314413,1.2864714660628827,2.0,-1.0,0.0932784,0.310928,-1.0932784,-1.310928,0.3946666666666715,-3.7466666666666546,4,stop,trend,directional,no_shock,normal,3.9682654165163553,30.397154097624366,9.231878831589723,32.70825820411083,aligned,flat,aligned,False,583.3033333333334,585.5696518389889,-0.869762244221306,binance,-1.310928,True,stop,fixed_2r,hold_to_target_stop_or_expiry,context_change,586.74,575.49,2026-02-25 01:00:00+00:00,-0.0032773200000000002,0.0025,0
BNBUSDT,context_change,15,2026-02-27 02:00:00+00:00,long,asia,627.04,622.5,636.1199999999999,0.7240367440673584,1.4480734881347168,2.0,-1.0,0.082868722466961,0.27622907488987003,-1.082868722466961,-1.2762290748898701,1.4559471365638914,-1.808370044052861,32,stop,weak_or_range,range,no_shock,normal,2.6381156316916456,13.72463047817302,18.458244111348876,16.017130620984627,aligned,aligned,aligned,False,625.1638885477483,624.697717544879,0.4176678616756817,binance,-1.2762290748898701,True,stop,fixed_2r,hold_to_target_stop_or_expiry,context_change,622.5,636.1199999999999,2026-02-27 10:00:00+00:00,-0.0031905726872246756,0.0025,0
SOLUSDT,context_change,15,2026-02-28 06:00:00+00:00,short,asia,81.2,81.82,79.96000000000002,0.7635467980295447,1.5270935960590895,2.0,2.0,0.07858064516129154,0.2619354838709719,1.9214193548387084,1.738064516129028,3.2580645161290764,-0.0,1,target,trend,directional,no_shock,normal,4.89430894308944,29.706256537293804,10.569105691056569,49.59349593495943,aligned,aligned,aligned,False,81.9316875783737,81.6770604770983,-0.11201719187329218,binance,1.738064516129028,False,target,fixed_2r,hold_to_target_stop_or_expiry,context_change,81.82,79.96000000000002,2026-02-28 06:15:00+00:00,0.00434516129032257,0.0025,0
XRPUSDT,context_change,15,2026-02-28 06:00:00+00:00,short,asia,1.3482,1.3574,1.3298000000000003,0.6823913365969347,1.3647826731938695,2.0,2.0,0.08792608695652293,0.29308695652174316,1.9120739130434772,1.706913043478257,2.8369565217391703,-0.04347826086956102,1,target,strong_trend,directional,no_shock,normal,4.380038387715904,41.48406113971736,6.717850287907523,39.3474088291744,aligned,aligned,aligned,False,1.3557323473757361,1.3534448822050995,-0.002400123035035673,binance,1.706913043478257,False,target,fixed_2r,hold_to_target_stop_or_expiry,context_change,1.3574,1.3298000000000003,2026-02-28 06:15:00+00:00,0.004267282608695642,0.0025,1
BTCUSDT,context_change,15,2026-03-04 01:15:00+00:00,long,asia,68251.99,67857.61,69040.75000000001,0.5778293057828857,1.1556586115657714,2.0,-1.0,0.10383689335158862,0.3461229778386287,-1.1038368933515885,-1.3461229778386288,1.6667934479435658,-2.1603276028196032,9,stop,transition,transition,no_shock,normal,3.480745317572839,20.176570231548247,25.43679267649504,14.536450596824958,aligned,flat,opposed,False,68166.72188734739,68227.78215478736,-48.74863741923764,binance,-1.3461229778386288,True,stop,fixed_2r,hold_to_target_stop_or_expiry,context_change,67857.61,69040.75000000001,2026-03-04 03:30:00+00:00,-0.003365307444596572,0.0025,0
DOGEUSDT,context_change,15,2026-03-04 02:30:00+00:00,short,asia,0.0898,0.09083,0.08774000000000003,1.1469933184855114,2.293986636971023,2.0,-1.0,0.05231067961165103,0.17436893203883677,-1.052310679611651,-1.1743689320388369,1.1067961165048679,-2.6213592233009924,25,stop,trend,directional,no_shock,normal,2.8640915593705265,33.318884843273715,15.164520743919741,21.030042918454892,aligned,flat,flat,False,0.08969786037161746,0.08990476244056671,2.67214824096057e-05,binance,-1.1743689320388369,True,stop,fixed_2r,hold_to_target_stop_or_expiry,context_change,0.09083,0.08774000000000003,2026-03-04 08:45:00+00:00,-0.002935922330097092,0.0025,1
ETHUSDT,context_change,15,2026-03-09 00:15:00+00:00,short,asia,1942.24,1955.2,1916.14,0.6672707801301608,1.3438092099843433,2.0138888888888764,-1.0,0.08991851851851826,0.29972839506172755,-1.0899185185185183,-1.2997283950617275,0.0,-1.8441358024691377,1,stop,trend,directional,no_shock,normal,4.0658791694853464,25.200897861693868,16.193994900348706,29.375032523286684,aligned,flat,aligned,False,1942.2360279355767,1945.070980766235,-1.1913180675949206,binance,-1.2997283950617275,True,stop,fixed_2.01389r,hold_to_target_stop_or_expiry,context_change,1955.2,1916.14,2026-03-09 00:30:00+00:00,-0.003249320987654319,0.0025,0
BTCUSDT,context_change,15,2026-03-15 02:00:00+00:00,long,asia,71305.29,70858.82,72198.22999999997,0.6261386777895254,1.2522773555790507,2.0,2.0,0.0958254171612903,0.319418057204301,1.9041745828387098,1.680581942795699,2.052948686361971,-0.313302125562735,78,target,strong_trend,directional,no_shock,normal,3.654344093165554,42.77267217409727,30.38128079278735,13.65901360146301,aligned,aligned,aligned,False,71082.36152206194,70958.25039991485,47.806800247970386,binance,1.680581942795699,False,target,fixed_2r,hold_to_target_stop_or_expiry,context_change,70858.82,72198.22999999997,2026-03-15 21:30:00+00:00,0.004201454856989247,0.0025,0
XRPUSDT,context_change,15,2026-03-15 02:00:00+00:00,long,asia,1.4143,1.4013,1.4402999999999997,0.9191826345188362,1.8383652690376724,2.0,2.0,0.0652753846153851,0.21758461538461701,1.934724615384615,1.782415384615383,3.353846153846186,-0.7307692307692242,82,target,strong_trend,directional,no_shock,normal,3.8594594594594445,72.83431239479154,31.711711711711903,7.567567567567459,aligned,aligned,aligned,False,1.4069804798508416,1.4015820485974815,0.002691836510751333,binance,1.782415384615383,False,target,fixed_2r,hold_to_target_stop_or_expiry,context_change,1.4013,1.4402999999999997,2026-03-15 22:30:00+00:00,0.0044560384615384575,0.0025,1
ETHUSDT,context_change,15,2026-03-15 02:30:00+00:00,long,asia,2103.88,2083.35,2144.9400000000005,0.9758161111850581,1.9516322223701161,2.0,2.0,0.06148699464198673,0.20495664880662248,1.9385130053580133,1.7950433511933774,2.2274719922065063,-0.8543594739405647,78,target,trend,directional,no_shock,normal,2.8178240740740503,35.109966949554305,33.483796296296596,14.108796296296346,aligned,aligned,aligned,False,2092.0475960924027,2089.9893460638746,2.6854541345433063,binance,1.7950433511933774,False,target,fixed_2r,hold_to_target_stop_or_expiry,context_change,2083.35,2144.9400000000005,2026-03-15 22:00:00+00:00,0.004487608377983444,0.0025,2
DOGEUSDT,context_change,15,2026-03-16 05:30:00+00:00,long,asia,0.1014,0.0972,0.10980000000000002,4.142011834319535,8.28402366863907,2.0,0.0,0.014485714285714255,0.04828571428571418,-0.014485714285714255,-0.04828571428571418,0.7142857142857133,-0.4880952380952394,96,expiry,strong_trend,directional,no_shock,expanded,5.966990291262133,48.24053568296459,48.44660194174758,11.553398058252377,aligned,aligned,aligned,False,0.09870117225387325,0.09930295548037957,0.0010077296496734528,binance,-0.04828571428571418,False,expiry,fixed_2r,hold_to_target_stop_or_expiry,context_change,0.0972,0.10980000000000002,2026-03-17 05:30:00+00:00,-0.00012071428571428545,0.0025,0
BNBUSDT,context_change,15,2026-03-17 02:30:00+00:00,long,asia,684.08,676.19,699.86,1.1533738744006528,2.3067477488013055,2.0,-1.0,0.05202129277566549,0.1734043092522183,-1.0520212927756656,-1.1734043092522184,0.06970849176171806,-1.103929024081122,4,stop,transition,transition,no_shock,normal,3.1724716743600467,18.421747391918306,19.05161561057481,17.85564414603421,aligned,flat,aligned,False,682.9928377053286,681.6594391096882,0.68044462914429,binance,-1.1734043092522184,True,stop,fixed_2r,hold_to_target_stop_or_expiry,context_change,676.19,699.86,2026-03-17 03:30:00+00:00,-0.002933510773130546,0.0025,1
BTCUSDT,context_change,15,2026-03-23 00:00:00+00:00,short,asia,67957.48,68474.0,66924.43999999999,0.760063498528792,1.520126997057584,2.0,-1.0,0.07894077286455446,0.26313590954851496,-1.0789407728645544,-1.2631359095485148,0.9918299388213406,-1.215132037481597,12,stop,strong_trend,directional,no_shock,normal,3.4230613012410296,43.52398588297213,15.80895073335783,27.37935851286693,aligned,flat,aligned,False,67953.55666666666,68177.45841611217,-73.86152082064655,binance,-1.2631359095485148,True,stop,fixed_2r,hold_to_target_stop_or_expiry,context_change,68474.0,66924.43999999999,2026-03-23 03:00:00+00:00,-0.0031578397738712873,0.0025,0
DOGEUSDT,context_change,15,2026-03-23 00:30:00+00:00,short,asia,0.0899,0.09073,0.08823999999999997,0.9232480533926711,1.8464961067853423,2.0,-1.0,0.06498795180722802,0.21662650602409342,-1.064987951807228,-1.2166265060240935,0.0,-1.2048192771084185,3,stop,strong_trend,directional,no_shock,normal,3.4339622641509235,41.880117500438196,22.075471698113233,36.03773584905668,aligned,aligned,flat,False,0.09041189665174255,0.09039285644286758,-5.522378693510743e-05,binance,-1.2166265060240935,True,stop,fixed_2r,hold_to_target_stop_or_expiry,context_change,0.09073,0.08823999999999997,2026-03-23 01:15:00+00:00,-0.0030415662650602336,0.0025,1
SOLUSDT,context_change,15,2026-03-25 00:00:00+00:00,long,asia,91.22,90.17,93.32,1.1510633632975193,2.3021267265950387,2.0,2.0,0.05212571428571442,0.1737523809523814,1.9478742857142857,1.8262476190476187,2.066666666666674,-0.3333333333333288,46,target,strong_trend,directional,no_shock,expanded,7.972665148063755,58.63887245702199,37.12984054669713,3.644646924829391,aligned,flat,aligned,False,91.09666666666665,90.27621288326895,0.40928847263545265,binance,1.8262476190476187,False,target,fixed_2r,hold_to_target_stop_or_expiry,context_change,90.17,93.32,2026-03-25 11:30:00+00:00,0.004565619047619047,0.0025,0
ETHUSDT,context_change,15,2026-04-06 04:00:00+00:00,long,asia,2127.7,2111.49,2160.12,0.7618555247450316,1.5237110494900632,2.0,2.0,0.07875508945095601,0.2625169648365201,1.921244910549044,1.7374830351634798,2.881554595928435,-0.5342381246144253,21,target,strong_trend,directional,no_shock,normal,3.907331975560083,71.6782640317997,27.18940936863528,12.198137910968896,aligned,flat,aligned,False,2125.8864439860545,2117.3117273203097,7.884222353676705,binance,1.7374830351634798,False,target,fixed_2r,hold_to_target_stop_or_expiry,context_change,2111.49,2160.12,2026-04-06 09:15:00+00:00,0.0043437075879087,0.0025,0
DOGEUSDT,context_change,15,2026-04-13 04:45:00+00:00,short,asia,0.0909,0.09147,0.08975999999999999,0.6270627062706283,1.2541254125412566,2.0,-1.0,0.0956842105263156,0.31894736842105204,-1.0956842105263156,-1.318947368421052,0.245614035087721,-1.0175438596491404,6,stop,transition,coiling_transition,no_shock,compressed,2.1101449275362225,22.055111020485633,10.43478260869573,14.202898550724498,aligned,aligned,flat,False,0.09115683175950874,0.09108966393739054,-1.24717304162969e-05,binance,-1.318947368421052,True,stop,fixed_2r,hold_to_target_stop_or_expiry,context_change,0.09147,0.08975999999999999,2026-04-13 06:15:00+00:00,-0.00329736842105263,0.0025,0
XRPUSDT,context_change,15,2026-04-16 00:30:00+00:00,long,asia,1.3962,1.3849,1.4188000000000003,0.8093396361552848,1.6186792723105696,2.0,2.0,0.0741345132743357,0.24711504424778574,1.9258654867256644,1.7528849557522141,2.345132743362811,-0.5752212389380639,35,target,transition,transition,no_shock,normal,4.244680851063833,21.284744076570917,34.30851063829777,25.664893617021505,aligned,aligned,flat,False,1.3909487262053917,1.389053375366654,0.0009923258049038264,binance,1.7528849557522141,False,target,fixed_2r,hold_to_target_stop_or_expiry,context_change,1.3849,1.4188000000000003,2026-04-16 09:15:00+00:00,0.0043822123893805355,0.0025,0
SOLUSDT,context_change,15,2026-04-22 00:00:00+00:00,long,asia,86.12,84.95,88.46000000000001,1.3585694379934994,2.7171388759869988,2.0,2.0,0.0441641025641025,0.147213675213675,1.9558358974358976,1.852786324786325,2.358974358974348,-0.11111111111111921,36,target,weak_or_range,volatile_range,no_shock,expanded,5.319999999999947,17.940389450171313,26.22222222222189,11.777777777777729,aligned,flat,aligned,False,86.08666666666666,85.47284416267813,0.22609311024334033,binance,1.852786324786325,False,target,fixed_2r,hold_to_target_stop_or_expiry,context_change,84.95,88.46000000000001,2026-04-22 09:00:00+00:00,0.004631965811965812,0.0025,0
BNBUSDT,context_change,15,2026-04-22 02:00:00+00:00,long,asia,635.28,628.96,647.9199999999998,0.9948369223019671,1.9896738446039341,2.0,2.0,0.06031139240506389,0.2010379746835463,1.939688607594936,1.7989620253164538,3.1028481012658564,-0.001582278481011235,46,target,strong_trend,directional,no_shock,normal,4.7985568250150425,41.66077883053321,31.9302465423927,6.313890559229438,aligned,aligned,aligned,False,633.2099925605281,631.8468673432898,0.7881348182480679,binance,1.7989620253164538,False,target,fixed_2r,hold_to_target_stop_or_expiry,context_change,628.96,647.9199999999998,2026-04-22 13:30:00+00:00,0.004497405063291135,0.0025,1
BTCUSDT,context_change,15,2026-04-22 02:00:00+00:00,long,asia,76696.3,76170.0,77748.90000000001,0.6862130246178797,1.3724260492357594,2.0,2.0,0.08743640509215227,0.29145468364050764,1.9125635949078477,1.7085453163594924,3.3273798213946177,-0.0,13,target,trend,directional,no_shock,expanded,5.805562158307638,39.84929596359585,36.80600359944334,8.682807565621927,aligned,aligned,aligned,False,76384.33325261329,76052.32305172848,180.12366668923642,binance,1.7085453163594924,False,target,fixed_2r,hold_to_target_stop_or_expiry,context_change,76170.0,77748.90000000001,2026-04-22 05:15:00+00:00,0.004271363290898731,0.0025,2
ETHUSDT,context_change,15,2026-04-26 05:30:00+00:00,long,asia,2328.0,2311.31,2361.38,0.7169243986254319,1.4338487972508638,2.0,2.0,0.08369083283403207,0.27896944278010694,1.916309167165968,1.7210305572198932,2.276812462552419,-0.36129418813661957,50,target,trend,directional,no_shock,expanded,6.270791938688684,36.18254907165231,42.0806131138241,14.518875957990554,aligned,aligned,aligned,False,2320.860349052803,2316.7500167775647,4.086037257128737,binance,1.7210305572198932,False,target,fixed_2r,hold_to_target_stop_or_expiry,context_change,2311.31,2361.38,2026-04-26 18:00:00+00:00,0.004302576393049733,0.0025,0
SOLUSDT,context_change,15,2026-04-27 01:30:00+00:00,long,asia,87.57,86.5,89.70999999999998,1.2218796391458187,2.4437592782916373,2.0,-1.0,0.04910467289719657,0.16368224299065523,-1.0491046728971967,-1.1636822429906553,0.4766355140186994,-1.5887850467289715,15,stop,transition,transition,no_shock,normal,4.4568345323741,19.62065270011348,31.47482014388496,16.54676258992812,aligned,aligned,aligned,False,87.23099087505396,86.94957199663102,0.23852850033676987,binance,-1.1636822429906553,True,stop,fixed_2r,hold_to_target_stop_or_expiry,context_change,86.5,89.70999999999998,2026-04-27 05:15:00+00:00,-0.002909205607476638,0.0025,0
BTCUSDT,context_change,15,2026-05-06 03:30:00+00:00,long,asia,81499.9,81000.0,82499.69999999998,0.6133749857361717,1.2267499714723433,2.0,2.0,0.09781944388877888,0.3260648129625963,1.902180556111221,1.6739351870374037,2.658131626325302,-0.9887977595518986,31,target,trend,directional,no_shock,normal,4.474270111321199,26.831291516805088,37.516128064332506,14.603774717196691,aligned,aligned,aligned,False,81204.26786158903,81259.80880394386,86.155656104238,binance,1.6739351870374037,False,target,fixed_2r,hold_to_target_stop_or_expiry,context_change,81000.0,82499.69999999998,2026-05-06 11:15:00+00:00,0.004184837967593509,0.0025,0
DOGEUSDT,context_change,15,2026-05-06 05:00:00+00:00,long,asia,0.1153,0.11442,0.11706000000000001,0.7632263660017397,1.5264527320034793,2.0,2.0,0.07861363636363584,0.2620454545454528,1.9213863636363642,1.737954545454547,2.193181818181805,-0.8749999999999862,9,target,trend,directional,no_shock,normal,3.089874857792935,26.44749074522556,23.43572241183196,16.26848691695105,aligned,flat,flat,False,0.11500928112119883,0.11510207417012702,0.00010295869839573035,binance,1.737954545454547,False,target,fixed_2r,hold_to_target_stop_or_expiry,context_change,0.11442,0.11706000000000001,2026-05-06 07:15:00+00:00,0.004344886363636368,0.0025,1
SOLUSDT,context_change,15,2026-05-06 05:00:00+00:00,long,asia,86.84,86.34,87.84,0.5757715338553662,1.1515430677107323,2.0,2.0,0.104208,0.34736,1.895792,1.6526399999999999,2.0600000000000023,-0.14000000000001478,9,target,trend,directional,no_shock,normal,4.014705882352935,27.416334192155226,24.01960784313728,24.01960784313693,aligned,flat,aligned,False,86.79048008823057,86.80628009769069,0.077357337558837,binance,1.6526399999999999,False,target,fixed_2r,hold_to_target_stop_or_expiry,context_change,86.34,87.84,2026-05-06 07:15:00+00:00,0.0041316,0.0025,2
SOLUSDT,context_change,15,2026-05-09 01:30:00+00:00,long,asia,93.15,92.16,95.13000000000002,1.0628019323671596,2.125603864734319,2.0,0.0,0.05645454545454493,0.18818181818181648,-0.05645454545454493,-0.18818181818181648,1.0202020202020017,-0.8383838383838433,96,expiry,transition,transition,no_shock,normal,3.7205479452055097,20.744363950976826,29.31506849315073,17.80821917808225,aligned,aligned,aligned,False,92.60803467637217,92.20329412914575,0.2557114012152084,binance,-0.18818181818181648,False,expiry,fixed_2r,hold_to_target_stop_or_expiry,context_change,92.16,95.13000000000002,2026-05-10 01:30:00+00:00,-0.0004704545454545412,0.0025,0
BNBUSDT,context_change,15,2026-05-13 00:30:00+00:00,long,asia,668.33,664.93,675.1300000000002,0.5087307168614443,1.0174614337228887,2.0,2.0,0.11794058823529095,0.3931352941176366,1.8820594117647091,1.6068647058823635,2.6176470588234526,-0.32941176470587485,2,target,strong_trend,directional,no_shock,normal,2.4564564564564333,51.048236298524465,30.158730158730013,16.38781638781632,aligned,aligned,aligned,False,666.780789916842,665.2559004621993,0.7778065088225503,binance,1.6068647058823635,False,target,fixed_2r,hold_to_target_stop_or_expiry,context_change,664.93,675.1300000000002,2026-05-13 01:00:00+00:00,0.004017161764705909,0.0025,0
DOGEUSDT,context_change,15,2026-05-13 04:00:00+00:00,long,asia,0.11141,0.1108,0.11263,0.5475271519612238,1.0950543039224476,2.0,2.0,0.10958360655737713,0.3652786885245905,1.8904163934426228,1.6347213114754096,2.3114754098360817,-0.2622950819672027,2,target,strong_trend,directional,no_shock,normal,4.30592105263158,47.839166443634724,34.37499999999998,10.032894736842344,aligned,aligned,flat,False,0.1111726191067393,0.11098761568695448,0.00030257784695737755,binance,1.6347213114754096,False,target,fixed_2r,hold_to_target_stop_or_expiry,context_change,0.1108,0.11263,2026-05-13 04:30:00+00:00,0.004086803278688524,0.0025,0
ETHUSDT,context_change,15,2026-05-15 05:00:00+00:00,short,asia,2265.11,2278.68,2237.9700000000007,0.5990879030157348,1.1981758060314696,2.0,2.0,0.10015224760501319,0.333840825350044,1.8998477523949868,1.666159174649956,2.126750184229974,-0.06927044952100772,2,target,strong_trend,directional,no_shock,normal,4.229592287963185,49.09196155032869,5.9432210135312555,33.05916688776869,aligned,aligned,aligned,False,2275.4067045221864,2274.7527038791923,-5.380725145286306,binance,1.666159174649956,False,target,fixed_2r,hold_to_target_stop_or_expiry,context_change,2278.68,2237.9700000000007,2026-05-15 05:30:00+00:00,0.00416539793662489,0.0025,0
BNBUSDT,context_change,15,2026-05-18 04:00:00+00:00,short,asia,644.82,648.68,637.1000000000003,0.5986166682174715,1.197233336434943,2.0,2.0,0.10023108808290415,0.3341036269430139,1.899768911917096,1.6658963730569862,2.2538860103627645,-0.24352331606216715,41,target,strong_trend,directional,no_shock,normal,3.5269681742043435,62.31697824652504,14.639865996649919,22.546063651591332,aligned,aligned,aligned,False,645.9040252092072,646.7641972407105,-1.372910857426291,binance,1.6658963730569862,False,target,fixed_2r,hold_to_target_stop_or_expiry,context_change,648.68,637.1000000000003,2026-05-18 14:15:00+00:00,0.004164740932642466,0.0025,0
BNBUSDT,context_change,15,2026-05-25 05:00:00+00:00,long,asia,660.63,656.23,669.43,0.6660309098890419,1.3320618197780838,2.0,2.0,0.09008590909090955,0.3002863636363652,1.9099140909090904,1.6997136363636347,2.031818181818205,-0.24090909090907975,29,target,weak_or_range,range,no_shock,normal,2.660800703915572,16.773128372296494,22.30532336119647,17.597888253410165,aligned,aligned,aligned,False,658.6393210422775,658.0331902193417,0.7118993391895856,binance,1.6997136363636347,False,target,fixed_2r,hold_to_target_stop_or_expiry,context_change,656.23,669.43,2026-05-25 12:15:00+00:00,0.0042492840909090866,0.0025,0
DOGEUSDT,context_change,15,2026-05-26 00:30:00+00:00,short,asia,0.10118,0.10225,0.09904000000000003,1.0575212492587345,2.115042498517469,2.0,-1.0,0.05673644859813149,0.189121495327105,-1.0567364485981314,-1.189121495327105,0.7476635514018862,-1.2523364485981396,40,stop,strong_trend,directional,no_shock,normal,3.9904988123515803,83.19344211446287,7.125890736342026,28.028503562945808,aligned,aligned,flat,False,0.10158315141964659,0.10215454890149472,-0.0002494298498515596,binance,-1.189121495327105,True,stop,fixed_2r,hold_to_target_stop_or_expiry,context_change,0.10225,0.09904000000000003,2026-05-26 10:30:00+00:00,-0.0029728037383177624,0.0025,0
BTCUSDT,context_change,15,2026-05-28 00:00:00+00:00,short,asia,74409.6,75391.0,72446.80000000002,1.3189158388164888,2.6378316776329775,2.0,0.0,0.04549190951701678,0.15163969839005595,-0.04549190951701678,-0.15163969839005595,1.8887303851640684,-0.15865090686773795,96,expiry,trend,directional,no_shock,normal,4.8194246072230404,34.735018060940924,7.4416299880492085,36.46777625557502,aligned,flat,aligned,False,74453.36666666667,74665.78736020671,-176.52699527978257,binance,-0.15163969839005595,False,expiry,fixed_2r,hold_to_target_stop_or_expiry,context_change,75391.0,72446.80000000002,2026-05-29 00:00:00+00:00,-0.00037909924597513987,0.0025,0
SOLUSDT,context_change,15,2026-05-28 03:00:00+00:00,short,asia,81.9,82.71,80.28000000000003,0.9890109890109744,1.9780219780219488,2.0,2.0,0.060666666666667556,0.20222222222222522,1.9393333333333325,1.7977777777777748,2.4567901234568374,-0.07407407407406043,4,target,strong_trend,directional,no_shock,normal,2.7871853546910508,48.45999676883296,7.322654462242424,17.391304347826242,aligned,aligned,aligned,False,82.23932649680923,82.43692691910191,-0.2175332533809211,binance,1.7977777777777748,False,target,fixed_2r,hold_to_target_stop_or_expiry,context_change,82.71,80.28000000000003,2026-05-28 04:00:00+00:00,0.004494444444444437,0.0025,1
ETHUSDT,context_change,15,2026-06-02 06:15:00+00:00,short,asia,1984.05,2005.92,1940.3099999999997,1.1022907688818386,2.2045815377636773,2.0,2.0,0.0544320987654318,0.18144032921810602,1.9455679012345681,1.818559670781894,2.7457704618198275,-0.2560585276634708,32,target,transition,transition,no_shock,normal,4.840566633582979,24.35220862052026,10.520617161418448,24.704502391049214,aligned,aligned,aligned,False,1989.1709663867339,1992.648600150017,-4.112326377587124,binance,1.818559670781894,False,target,fixed_2r,hold_to_target_stop_or_expiry,context_change,2005.92,1940.3099999999997,2026-06-02 14:15:00+00:00,0.004546399176954735,0.0025,0
SOLUSDT,context_change,15,2026-06-03 01:30:00+00:00,short,asia,74.14,76.03,70.36,2.549231184246022,5.098462368492044,2.0,2.0,0.02353650793650793,0.07845502645502643,1.976463492063492,1.9215449735449737,2.05291005291005,-0.8095238095238099,92,target,strong_trend,directional,no_shock,normal,4.75631951466128,48.89713550717447,11.830131445904989,33.67037411526783,aligned,aligned,aligned,False,74.64307697773924,74.84214400153138,-0.09900793437495281,binance,1.9215449735449737,False,target,fixed_2r,hold_to_target_stop_or_expiry,context_change,76.03,70.36,2026-06-04 00:30:00+00:00,0.004803862433862435,0.0025,0
XRPUSDT,context_change,15,2026-06-03 01:30:00+00:00,short,asia,1.2196,1.23,1.1926,0.8527386028205941,2.2138406034765428,2.5961538461538467,2.5961538461538467,0.0703615384615387,0.2345384615384623,2.525792307692308,2.3616153846153844,2.9807692307692326,-0.6730769230769152,9,target,trend,directional,no_shock,normal,4.224980605120233,30.890971940974925,15.903801396431284,25.756400310317947,aligned,flat,opposed,False,1.2218746140626076,1.2204311079267445,0.0024982102996429223,binance,2.3616153846153844,False,target,fixed_2.59615r,hold_to_target_stop_or_expiry,context_change,1.23,1.1926,2026-06-03 03:45:00+00:00,0.0059040384615384614,0.0025,1
BNBUSDT,context_change,15,2026-06-04 00:00:00+00:00,short,asia,624.16,629.3,613.88,0.8235067931299646,1.647013586259929,2.0,2.0,0.07285914396887178,0.2428638132295726,1.9271408560311283,1.7571361867704274,2.2120622568093453,-0.14785992217898694,2,target,weak_or_range,range,no_shock,normal,3.886896551724089,14.66770882956691,23.073891625615452,28.847290640394093,aligned,flat,aligned,False,623.2933333333335,625.6683007538591,-1.6843206932385328,binance,1.7571361867704274,False,target,fixed_2r,hold_to_target_stop_or_expiry,context_change,629.3,613.88,2026-06-04 00:30:00+00:00,0.004392840466926068,0.0025,1
DOGEUSDT,context_change,15,2026-06-04 00:00:00+00:00,short,asia,0.0917,0.09234,0.09042,0.6979280261723028,1.3958560523446055,2.0,2.0,0.08596874999999977,0.2865624999999993,1.9140312500000003,1.7134375000000008,2.921875000000009,-0.15625000000000405,1,target,trend,directional,no_shock,normal,3.9979079497907954,25.130686305404566,18.41004184100419,26.046025104602613,aligned,flat,flat,False,0.09162333333333333,0.09200983692895957,-0.0002983125434991296,binance,1.7134375000000008,False,target,fixed_2r,hold_to_target_stop_or_expiry,context_change,0.09234,0.09042,2026-06-04 00:15:00+00:00,0.004283593750000002,0.0025,2
BNBUSDT,context_change,15,2026-06-04 04:45:00+00:00,short,asia,614.97,621.74,601.4300000000001,1.1008667089451487,2.2017334178902974,2.0,2.0,0.0545025110782867,0.18167503692762235,1.9454974889217134,1.8183249630723777,2.0457902511078374,-0.0,2,target,strong_trend,directional,no_shock,expanded,5.318851074100888,47.900180951031075,22.411296162201328,34.021240646874254,aligned,opposed,opposed,False,610.2087915590076,616.3889230644852,0.970676279901113,binance,1.8183249630723777,False,target,fixed_2r,hold_to_target_stop_or_expiry,context_change,621.74,601.4300000000001,2026-06-04 05:15:00+00:00,0.004545812407680944,0.0025,0
SOLUSDT,context_change,15,2026-06-04 04:45:00+00:00,short,asia,70.85,71.74,66.59,1.2561750176429085,6.012702893436826,4.786516853932571,4.786516853932571,0.04776404494382019,0.15921348314606731,4.7387528089887505,4.627303370786503,4.988764044943815,-0.3707865168539464,93,target,strong_trend,directional,no_shock,expanded,5.731319554848984,48.43523388478717,24.324324324324454,33.624801271860285,aligned,opposed,opposed,False,69.70476386655642,70.88656009434861,0.21052569679920907,binance,4.627303370786503,False,target,fixed_4.78652r,hold_to_target_stop_or_expiry,context_change,71.74,66.59,2026-06-05 04:00:00+00:00,0.011568258426966259,0.0025,1
DOGEUSDT,context_change,15,2026-06-04 05:00:00+00:00,short,asia,0.08987,0.09155,0.08651,1.8693668632469134,3.7387337264938267,2.0,2.0,0.032096428571428554,0.10698809523809519,1.9679035714285715,1.8930119047619047,2.1964285714285694,-0.6309523809523755,86,target,strong_trend,directional,no_shock,expanded,5.908629441624349,52.10567869797958,21.46482958665695,29.36910804931097,aligned,flat,flat,False,0.0895350052444835,0.09063288122612793,0.00010359038263660358,binance,1.8930119047619047,False,target,fixed_2r,hold_to_target_stop_or_expiry,context_change,0.09155,0.08651,2026-06-05 02:30:00+00:00,0.004732529761904762,0.0025,2
XRPUSDT,context_change,15,2026-06-04 06:45:00+00:00,short,asia,1.1887,1.1997,1.1667000000000003,0.9253806679565827,1.8507613359131654,2.0,2.0,0.06483818181818242,0.21612727272727475,1.9351618181818175,1.7838727272727253,2.5181818181818465,-0.07272727272726538,5,target,weak_or_range,range,no_shock,normal,4.017825311942949,13.286953650062705,18.89483065953639,21.212121212120998,aligned,opposed,aligned,False,1.182707074441448,1.1940830752887759,-0.0012424812945508457,binance,1.7838727272727253,False,target,fixed_2r,hold_to_target_stop_or_expiry,context_change,1.1997,1.1667000000000003,2026-06-04 08:00:00+00:00,0.004459681818181813,0.0025,2
ETHUSDT,context_change,15,2026-06-05 00:45:00+00:00,short,asia,1758.53,1776.22,1723.1499999999999,1.0059538364429412,2.0119076728858825,2.0,2.0,0.05964488411531921,0.19881628038439733,1.9403551158846808,1.8011837196156026,2.1068400226116375,-0.2866026003391702,9,target,trend,directional,no_shock,normal,2.88497952058016,30.78086598429834,11.616195528100484,29.685086953602706,aligned,aligned,aligned,False,1766.7583041947626,1766.9748972053878,-0.5907161928614642,binance,1.8011837196156026,False,target,fixed_2r,hold_to_target_stop_or_expiry,context_change,1776.22,1723.1499999999999,2026-06-05 03:00:00+00:00,0.004502959299039007,0.0025,2
SOLUSDT,context_change,15,2026-06-05 04:30:00+00:00,short,asia,67.18,68.78,63.98000000000002,2.3816612086930546,4.763322417386109,2.0,2.0,0.025192500000000093,0.0839750000000003,1.9748074999999998,1.9160249999999996,2.1500000000000106,-0.5437499999999958,7,target,transition,transition,no_shock,normal,4.032608695652181,24.67984384329144,18.043478260869524,23.80434782608677,aligned,aligned,aligned,False,67.73051207343252,67.78000919774036,-0.2916546153124955,binance,1.9160249999999996,False,target,fixed_2r,hold_to_target_stop_or_expiry,context_change,68.78,63.98000000000002,2026-06-05 06:15:00+00:00,0.004790062499999999,0.0025,0
BTCUSDT,context_change,15,2026-06-06 01:30:00+00:00,short,asia,61025.0,61500.0,60075.0,0.7783695206882425,1.556739041376485,2.0,2.0,0.07708421052631578,0.25694736842105265,1.9229157894736841,1.7430526315789474,2.049894736842099,-0.29368421052631577,10,target,trend,directional,no_shock,normal,3.8165690253622517,31.905323103446484,16.737984610016355,30.956272612073178,aligned,flat,opposed,False,61232.087017545826,61153.3668055663,2.9470915337078623,binance,1.7430526315789474,False,target,fixed_2r,hold_to_target_stop_or_expiry,context_change,61500.0,60075.0,2026-06-06 04:00:00+00:00,0.004357631578947369,0.0025,0
XRPUSDT,context_change,15,2026-06-06 01:30:00+00:00,short,asia,1.1034,1.1136,1.083,0.9244154431756378,1.8488308863512757,2.0,2.0,0.06490588235294126,0.2163529411764709,1.9350941176470586,1.7836470588235291,2.0098039215686265,-0.3137254901960878,8,target,transition,transition,no_shock,normal,3.4730354391371367,21.596352756352196,19.183359013867438,29.275808936825758,aligned,flat,opposed,False,1.105854111229175,1.1046594281630029,0.0014377265122047511,binance,1.7836470588235291,False,target,fixed_2r,hold_to_target_stop_or_expiry,context_change,1.1136,1.083,2026-06-06 03:30:00+00:00,0.004459117647058823,0.0025,1
BNBUSDT,context_change,15,2026-06-06 04:00:00+00:00,short,asia,567.54,579.46,543.6999999999998,2.1002924903971656,4.200584980794331,2.0,-1.0,0.02856744966442935,0.09522483221476451,-1.0285674496644293,-1.0952248322147644,0.6325503355704629,-1.0293624161073747,8,stop,transition,transition,no_shock,normal,3.2602267126663387,18.19926024106202,11.927057663874276,19.196648595367506,aligned,aligned,aligned,False,575.2867702098475,574.7302331293643,-1.4382912278082358,binance,-1.0952248322147644,True,stop,fixed_2r,hold_to_target_stop_or_expiry,context_change,579.46,543.6999999999998,2026-06-06 06:00:00+00:00,-0.002738062080536911,0.0025,0
XRPUSDT,context_change,15,2026-06-06 06:45:00+00:00,short,asia,1.0821,1.0908,1.049,0.803992237316323,3.0588670178357016,3.8045977011494707,-1.0,0.07462758620689716,0.2487586206896572,-1.0746275862068972,-1.2487586206896573,0.13793103448277005,-1.4022988505747227,1,stop,trend,directional,no_shock,normal,4.058409951325041,35.633358342649395,24.175229853975186,26.06814494321264,aligned,flat,opposed,False,1.082498633096501,1.0855708957225243,0.0026681634524419184,binance,-1.2487586206896573,True,stop,fixed_3.8046r,hold_to_target_stop_or_expiry,context_change,1.0908,1.049,2026-06-06 07:00:00+00:00,-0.0031218965517241432,0.0025,0
SOLUSDT,context_change,15,2026-06-06 06:45:00+00:00,short,asia,62.17,63.31,59.89,1.8336818401158121,3.6673636802316243,2.0,-1.0,0.03272105263157893,0.10907017543859644,-1.0327210526315789,-1.1090701754385965,0.13157894736841974,-1.1052631578947345,6,stop,strong_trend,directional,no_shock,normal,4.47078189300411,53.79618588908244,19.17695473251028,26.33744855967081,aligned,flat,opposed,False,62.31213351611136,62.57707351733969,0.03848254692893249,binance,-1.1090701754385965,True,stop,fixed_2r,hold_to_target_stop_or_expiry,context_change,63.31,59.89,2026-06-06 08:15:00+00:00,-0.002772675438596491,0.0025,1
DOGEUSDT,context_change,15,2026-06-06 06:45:00+00:00,short,asia,0.08033,0.08148,0.07761,1.431594671978088,3.386032615461223,2.3652173913043515,-1.0,0.041911304347826146,0.13970434782608718,-1.041911304347826,-1.139704347826087,0.12173913043478386,-1.0086956521739217,2,stop,strong_trend,directional,no_shock,normal,4.0291777188328854,44.95333833357305,20.358090185676403,24.867374005304953,aligned,flat,flat,False,0.08013445313910986,0.08054679393137097,0.00011698713695867946,binance,-1.139704347826087,True,stop,fixed_2.36522r,hold_to_target_stop_or_expiry,context_change,0.08148,0.07761,2026-06-06 07:15:00+00:00,-0.0028492608695652177,0.0025,2
XRPUSDT,context_change,15,2026-06-23 02:00:00+00:00,short,asia,1.1262,1.1333,1.1120000000000003,0.6304386432249941,1.2608772864499882,2.0,2.0,0.09517183098591704,0.31723943661972354,1.904828169014083,1.6827605633802765,2.098591549295828,-0.5352112676056149,16,target,trend,directional,no_shock,normal,3.2650176678445066,27.766089589763386,11.837455830389008,19.787985865724245,aligned,aligned,flat,False,1.1286009055954014,1.1294556272463245,-0.0006771929901536744,binance,1.6827605633802765,False,target,fixed_2r,hold_to_target_stop_or_expiry,context_change,1.1333,1.1120000000000003,2026-06-23 06:00:00+00:00,0.0042069014084506915,0.0025,0
SOLUSDT,context_change,15,2026-06-25 03:00:00+00:00,short,asia,67.56,67.97,66.74000000000001,0.6068679692125467,1.2137359384250934,2.0,-1.0,0.09886829268292764,0.3295609756097589,-1.0988682926829276,-1.3295609756097588,0.3658536585366023,-2.26829268292683,7,stop,transition,transition,no_shock,normal,3.311053984575841,24.46355317894933,10.28277634961454,21.07969151670933,aligned,aligned,opposed,False,67.75522394543675,67.65877455332551,0.003060147449232886,binance,-1.3295609756097588,True,stop,fixed_2r,hold_to_target_stop_or_expiry,context_change,67.97,66.74000000000001,2026-06-25 04:45:00+00:00,-0.0033239024390243972,0.0025,0
DOGEUSDT,context_change,15,2026-06-25 04:00:00+00:00,short,asia,0.07596,0.07642,0.07504,0.605581885202741,1.211163770405482,2.0,-1.0,0.09907826086956477,0.3302608695652159,-1.0990782608695648,-1.3302608695652158,0.45652173913043675,-1.7391304347825904,3,stop,trend,directional,no_shock,normal,2.382089552238826,39.38198075200118,5.970149253731554,13.731343283581829,aligned,aligned,flat,False,0.07615293039169398,0.07599287016511426,-9.325645039526265e-07,binance,-1.3302608695652158,True,stop,fixed_2r,hold_to_target_stop_or_expiry,context_change,0.07642,0.07504,2026-06-25 04:45:00+00:00,-0.0033256521739130395,0.0025,1
ETHUSDT,context_change,15,2026-06-26 02:00:00+00:00,short,asia,1521.48,1579.0,1406.44,3.7805294844493504,7.561058968898701,2.0,-1.0,0.015870792767732966,0.05290264255910989,-1.015870792767733,-1.05290264255911,0.18445757997218587,-1.0413769123783052,21,stop,trend,directional,no_shock,normal,4.37757661686116,28.065807686688483,8.256080270476263,22.63060311920595,aligned,aligned,aligned,False,1546.18995464486,1562.0223090403206,-7.157235092206292,binance,-1.05290264255911,True,stop,fixed_2r,hold_to_target_stop_or_expiry,context_change,1579.0,1406.44,2026-06-26 07:15:00+00:00,-0.002632256606397775,0.0025,0
SOLUSDT,context_change,15,2026-07-02 01:00:00+00:00,long,asia,77.58,76.85,79.04,0.9409641660221757,1.8819283320443514,2.0,2.0,0.06376438356164348,0.2125479452054783,1.9362356164383565,1.7874520547945216,3.013698630136974,-0.10958904109588748,34,target,trend,directional,no_shock,normal,4.8614357262103605,30.757578620881308,25.375626043405983,23.706176961602843,aligned,aligned,opposed,False,77.24582056684037,77.45883510092717,-0.12504261746704515,binance,1.7874520547945216,False,target,fixed_2r,hold_to_target_stop_or_expiry,context_change,76.85,79.04,2026-07-02 09:30:00+00:00,0.004468630136986305,0.0025,0
SOLUSDT,context_change,15,2026-07-04 04:00:00+00:00,long,asia,82.9,82.12,84.46000000000001,0.9408926417370339,1.8817852834740678,2.0,-1.0,0.06376923076923068,0.21256410256410227,-1.0637692307692306,-1.2125641025641023,1.3589743589743417,-1.3974358974358998,20,stop,weak_or_range,range,no_shock,normal,3.792405063291126,14.848833421175799,22.784810126582133,17.46835443037974,aligned,aligned,aligned,False,82.31493074839281,82.33374313663228,0.16813347765462083,binance,-1.2125641025641023,True,stop,fixed_2r,hold_to_target_stop_or_expiry,context_change,82.12,84.46000000000001,2026-07-04 09:00:00+00:00,-0.003031410256410256,0.0025,0
BNBUSDT,context_change,15,2026-07-06 00:30:00+00:00,long,asia,591.04,585.88,601.3599999999999,0.873037357877634,1.746074715755268,2.0,-1.0,0.06872558139534925,0.22908527131783088,-1.0687255813953493,-1.2290852713178309,0.4922480620155219,-1.0426356589147343,8,stop,weak_or_range,range,no_shock,normal,3.52661596958175,17.813501203191006,23.54245880861858,18.694550063371185,aligned,aligned,aligned,False,589.6393732802359,589.8102538811615,0.10457630301186782,binance,-1.2290852713178309,True,stop,fixed_2r,hold_to_target_stop_or_expiry,context_change,585.88,601.3599999999999,2026-07-06 02:30:00+00:00,-0.0030727131782945774,0.0025,0
DOGEUSDT,context_change,15,2026-07-06 00:45:00+00:00,long,asia,0.07808,0.07717,0.07989999999999998,1.1654713114754025,2.330942622950805,2.0,-1.0,0.051481318681319006,0.1716043956043967,-1.051481318681319,-1.1716043956043967,0.17582417582418505,-1.0109890109890067,10,stop,trend,directional,no_shock,normal,3.768479776847982,37.9873652541911,32.21757322175743,19.38633193863304,aligned,aligned,flat,False,0.07766644507539788,0.07777717446066237,-1.4517979978992401e-05,binance,-1.1716043956043967,True,stop,fixed_2r,hold_to_target_stop_or_expiry,context_change,0.07717,0.07989999999999998,2026-07-06 03:15:00+00:00,-0.0029290109890109917,0.0025,1
DOGEUSDT,context_change,15,2026-07-08 00:00:00+00:00,short,asia,0.07426,0.07469,0.0734,0.5790465930514406,1.1580931861028811,2.0,2.0,0.10361860465116284,0.3453953488372095,1.896381395348837,1.6546046511627905,3.5348837209302513,-0.3953488372092783,6,target,strong_trend,directional,no_shock,normal,4.413793103448186,43.38439345302695,17.980295566502452,32.01970443349704,aligned,flat,flat,False,0.07423666666666667,0.07439687701856422,-6.022678860366504e-05,binance,1.6546046511627905,False,target,fixed_2r,hold_to_target_stop_or_expiry,context_change,0.07469,0.0734,2026-07-08 01:30:00+00:00,0.004136511627906976,0.0025,0
